MEDIA_ID,MEDIA_NAME,CNT,TIME,FPOGX,FPOGY,FPOGS,FPOGD,FPOGID,FPOGV,TTL0,TTL1,TTLV,SACCADE_MAG,SACCADE_DIR,
0,NewMedia,0,0.00000,0.17896,0.65679,0.00000,0.00000,1,1,1,1,0,0.00000,0.00000,
0,NewMedia,1,0.00642,0.17881,0.65724,0.00000,0.00643,1,1,1,1,0,0.00000,0.00000,
0,NewMedia,2,0.01458,0.17893,0.65733,0.00000,0.01458,1,1,1,1,0,0.00000,0.00000,
0,NewMedia,3,0.02029,0.17901,0.65766,0.00000,0.02029,1,1,1,1,0,0.00000,0.00000,
0,NewMedia,4,0.02657,0.17908,0.65793,0.00000,0.02658,1,1,1,1,0,0.00000,0.00000,
0,NewMedia,5,0.03310,0.17917,0.65838,0.00000,0.03310,1,1,1,1,0,0.00000,0.00000,
0,NewMedia,6,0.04158,0.17894,0.65855,0.00000,0.04157,1,1,1,1,0,0.00000,0.00000,
0,NewMedia,7,0.04686,0.17871,0.65874,0.00000,0.04685,1,1,1,1,0,0.00000,0.00000,
0,NewMedia,8,0.05385,0.17869,0.65845,0.00000,0.05385,1,1,1,1,0,0.00000,0.00000,
0,NewMedia,9,0.06023,0.17881,0.65854,0.00000,0.06024,1,1,1,1,0,0.00000,0.00000,
0,NewMedia,10,0.06734,0.17898,0.65867,0.00000,0.06735,1,1,1,1,0,0.00000,0.00000,
0,NewMedia,11,0.07357,0.17893,0.65868,0.00000,0.07357,1,1,1,1,0,0.00000,0.00000,
0,NewMedia,12,0.08021,0.17905,0.65858,0.00000,0.08021,1,1,1,1,0,0.00000,0.00000,
0,NewMedia,13,0.08684,0.17915,0.65844,0.00000,0.08684,1,1,1,1,0,0.00000,0.00000,
0,NewMedia,14,0.09373,0.17926,0.65905,0.00000,0.09374,1,1,1,1,0,0.00000,0.00000,
0,NewMedia,15,0.10122,0.17950,0.66013,0.00000,0.10122,1,1,1,1,0,0.00000,0.00000,
0,NewMedia,16,0.10706,0.17983,0.66136,0.00000,0.10706,1,1,1,1,0,0.00000,0.00000,
0,NewMedia,17,0.11422,0.18031,0.66273,0.00000,0.11422,1,1,1,1,0,0.00000,0.00000,
0,NewMedia,18,0.12030,0.18063,0.66333,0.00000,0.12030,1,1,1,1,0,0.00000,0.00000,
0,NewMedia,19,0.12719,0.18090,0.66379,0.00000,0.12718,1,1,1,1,0,0.00000,0.00000,
0,NewMedia,20,0.13409,0.18119,0.66419,0.00000,0.13409,1,1,1,1,0,0.00000,0.00000,
0,NewMedia,21,0.14059,0.18126,0.66441,0.00000,0.14059,1,1,1,1,0,0.00000,0.00000,
0,NewMedia,22,0.14719,0.18122,0.66440,0.00000,0.14720,1,1,1,1,0,0.00000,0.00000,
0,NewMedia,23,0.15400,0.18116,0.66432,0.00000,0.15400,1,1,1,1,0,0.00000,0.00000,
0,NewMedia,24,0.16022,0.18124,0.66374,0.00000,0.16022,1,1,1,1,0,0.00000,0.00000,
0,NewMedia,25,0.16734,0.18125,0.66308,0.00000,0.16735,1,1,1,1,0,0.00000,0.00000,
0,NewMedia,26,0.17374,0.18129,0.66224,0.00000,0.17375,1,1,1,1,0,0.00000,0.00000,
0,NewMedia,27,0.18085,0.18097,0.66130,0.00000,0.18086,1,1,1,1,0,0.00000,0.00000,
0,NewMedia,28,0.18786,0.18069,0.66042,0.00000,0.18786,1,1,1,1,0,0.00000,0.00000,
0,NewMedia,29,0.19402,0.18042,0.65965,0.00000,0.19403,1,1,1,1,0,0.00000,0.00000,
0,NewMedia,30,0.20076,0.18031,0.65887,0.00000,0.20075,1,1,1,1,0,0.00000,0.00000,
0,NewMedia,31,0.20743,0.18021,0.65808,0.00000,0.20743,1,1,1,1,0,0.00000,0.00000,
0,NewMedia,32,0.21534,0.18020,0.65790,0.00000,0.21533,1,1,1,1,0,0.00000,0.00000,
0,NewMedia,33,0.22102,0.18027,0.65752,0.00000,0.22103,1,1,1,1,0,0.00000,0.00000,
0,NewMedia,34,0.22763,0.18038,0.65724,0.00000,0.22763,1,1,1,1,0,0.00000,0.00000,
0,NewMedia,35,0.23389,0.18052,0.65675,0.00000,0.23389,1,1,1,1,0,0.00000,0.00000,
0,NewMedia,36,0.24107,0.18053,0.65649,0.00000,0.24108,1,1,1,1,0,0.00000,0.00000,
0,NewMedia,37,0.24794,0.18059,0.65633,0.00000,0.24794,1,1,1,1,0,0.00000,0.00000,
0,NewMedia,38,0.25436,0.18051,0.65654,0.00000,0.25437,1,1,1,1,0,0.00000,0.00000,
0,NewMedia,39,0.26143,0.18054,0.65666,0.00000,0.26143,1,1,1,1,0,0.00000,0.00000,
0,NewMedia,40,0.26949,0.18058,0.65678,0.00000,0.26950,1,1,1,1,0,0.00000,0.00000,
0,NewMedia,41,0.27424,0.18054,0.65703,0.00000,0.27424,1,1,1,1,0,0.00000,0.00000,
0,NewMedia,42,0.28172,0.18084,0.65712,0.00000,0.28172,1,1,1,1,0,0.00000,0.00000,
0,NewMedia,43,0.28904,0.18109,0.65717,0.00000,0.28903,1,1,1,1,0,0.00000,0.00000,
0,NewMedia,44,0.29472,0.18151,0.65757,0.00000,0.29472,1,1,1,1,0,0.00000,0.00000,
0,NewMedia,45,0.30148,0.18195,0.65790,0.00000,0.30149,1,1,1,1,0,0.00000,0.00000,
0,NewMedia,46,0.30756,0.18242,0.65826,0.00000,0.30757,1,1,1,1,0,0.00000,0.00000,
0,NewMedia,47,0.31493,0.18309,0.65790,0.00000,0.31494,1,1,1,1,0,0.00000,0.00000,
0,NewMedia,48,0.32172,0.18343,0.65802,0.00000,0.32173,1,1,1,1,0,0.00000,0.00000,
0,NewMedia,49,0.32830,0.18376,0.65806,0.00000,0.32829,1,1,1,1,0,0.00000,0.00000,
0,NewMedia,50,0.33459,0.18404,0.65776,0.00000,0.33460,1,1,1,1,0,0.00000,0.00000,
0,NewMedia,51,0.34103,0.18370,0.65718,0.00000,0.34103,1,1,1,1,0,0.00000,0.00000,
0,NewMedia,52,0.34837,0.18332,0.65658,0.00000,0.34838,1,1,1,1,0,0.00000,0.00000,
0,NewMedia,53,0.35487,0.18331,0.65598,0.00000,0.35488,1,1,1,1,0,0.00000,0.00000,
0,NewMedia,54,0.36189,0.18347,0.65534,0.00000,0.36189,1,1,1,1,0,0.00000,0.00000,
0,NewMedia,55,0.37025,0.18367,0.65483,0.00000,0.37025,1,1,1,1,0,0.00000,0.00000,
0,NewMedia,56,0.37621,0.18384,0.65490,0.00000,0.37621,1,1,1,1,0,0.00000,0.00000,
0,NewMedia,57,0.38179,0.18424,0.65493,0.00000,0.38178,1,1,1,1,0,0.00000,0.00000,
0,NewMedia,58,0.38905,0.18463,0.65490,0.00000,0.38906,1,1,1,1,0,0.00000,0.00000,
0,NewMedia,59,0.39529,0.18493,0.65517,0.00000,0.39530,1,1,1,1,0,0.00000,0.00000,
0,NewMedia,60,0.40192,0.18493,0.65535,0.00000,0.40193,1,1,1,1,0,0.00000,0.00000,
0,NewMedia,61,0.40838,0.18484,0.65534,0.00000,0.40838,1,1,1,1,0,0.00000,0.00000,
0,NewMedia,62,0.41604,0.18489,0.65480,0.00000,0.41604,1,1,1,1,0,0.00000,0.00000,
0,NewMedia,63,0.42202,0.18443,0.65394,0.00000,0.42201,1,1,1,1,0,0.00000,0.00000,
0,NewMedia,64,0.42859,0.18399,0.65311,0.00000,0.42859,1,1,1,1,0,0.00000,0.00000,
0,NewMedia,65,0.43510,0.18364,0.65272,0.00000,0.43510,1,1,1,1,0,0.00000,0.00000,
0,NewMedia,66,0.44191,0.18342,0.65263,0.00000,0.44190,1,1,1,1,0,0.00000,0.00000,
0,NewMedia,67,0.44884,0.18330,0.65277,0.00000,0.44885,1,1,1,1,0,0.00000,0.00000,
0,NewMedia,68,0.45552,0.18331,0.65311,0.00000,0.45552,1,1,1,1,0,0.00000,0.00000,
0,NewMedia,69,0.46178,0.18360,0.65372,0.00000,0.46178,1,1,1,1,0,0.00000,0.00000,
0,NewMedia,70,0.46883,0.18394,0.65442,0.00000,0.46883,1,1,1,1,0,0.00000,0.00000,
0,NewMedia,71,0.47567,0.18440,0.65461,0.00000,0.47567,1,1,1,1,0,0.00000,0.00000,
0,NewMedia,72,0.48202,0.18452,0.65519,0.00000,0.48202,1,1,1,1,0,0.00000,0.00000,
0,NewMedia,73,0.48874,0.18470,0.65586,0.00000,0.48874,1,1,1,1,0,0.00000,0.00000,
0,NewMedia,74,0.49535,0.18491,0.65646,0.00000,0.49536,1,1,1,1,0,0.00000,0.00000,
0,NewMedia,75,0.50235,0.18519,0.65767,0.00000,0.50235,1,1,1,1,0,0.00000,0.00000,
0,NewMedia,76,0.50945,0.18553,0.65898,0.00000,0.50945,1,1,1,1,0,0.00000,0.00000,
0,NewMedia,77,0.51598,0.18613,0.66036,0.00000,0.51599,1,1,1,1,0,0.00000,0.00000,
0,NewMedia,78,0.52260,0.18658,0.66167,0.00000,0.52260,1,1,1,1,0,0.00000,0.00000,
0,NewMedia,79,0.52917,0.18704,0.66298,0.00000,0.52917,1,1,1,1,0,0.00000,0.00000,
0,NewMedia,80,0.53609,0.18725,0.66374,0.00000,0.53609,1,1,1,1,0,0.00000,0.00000,
0,NewMedia,81,0.54240,0.18737,0.66487,0.00000,0.54240,1,1,1,1,0,0.00000,0.00000,
0,NewMedia,82,0.54921,0.18738,0.66576,0.00000,0.54921,1,1,1,1,0,0.00000,0.00000,
0,NewMedia,83,0.55621,0.18742,0.66639,0.00000,0.55622,1,1,1,1,0,0.00000,0.00000,
0,NewMedia,84,0.56245,0.18740,0.66666,0.00000,0.56246,1,1,1,1,0,0.00000,0.00000,
0,NewMedia,85,0.56956,0.18723,0.66667,0.00000,0.56957,1,1,1,1,0,0.00000,0.00000,
0,NewMedia,86,0.57589,0.18716,0.66628,0.00000,0.57588,1,1,1,1,0,0.00000,0.00000,
0,NewMedia,87,0.58260,0.18691,0.66547,0.00000,0.58260,1,1,1,1,0,0.00000,0.00000,
0,NewMedia,88,0.59005,0.18673,0.66479,0.00000,0.59005,1,1,1,1,0,0.00000,0.00000,
0,NewMedia,89,0.59581,0.18669,0.66412,0.00000,0.59581,1,1,1,1,0,0.00000,0.00000,
0,NewMedia,90,0.60305,0.18682,0.66384,0.00000,0.60304,1,1,1,1,0,0.00000,0.00000,
0,NewMedia,91,0.60950,0.18708,0.66374,0.00000,0.60950,1,1,1,1,0,0.00000,0.00000,
0,NewMedia,92,0.61705,0.18718,0.66388,0.00000,0.61704,1,1,1,1,0,0.00000,0.00000,
0,NewMedia,93,0.62356,0.18733,0.66393,0.00000,0.62356,1,1,1,1,0,0.00000,0.00000,
0,NewMedia,94,0.62993,0.18739,0.66381,0.00000,0.62993,1,1,1,1,0,0.00000,0.00000,
0,NewMedia,95,0.63628,0.18727,0.66412,0.00000,0.63628,1,1,1,1,0,0.00000,0.00000,
0,NewMedia,96,0.64302,0.18720,0.66372,0.00000,0.64301,1,1,1,1,0,0.00000,0.00000,
0,NewMedia,97,0.65021,0.18709,0.66332,0.00000,0.65021,1,1,1,1,0,0.00000,0.00000,
0,NewMedia,98,0.65654,0.18700,0.66378,0.00000,0.65654,1,1,1,1,0,0.00000,0.00000,
0,NewMedia,99,0.66305,0.18735,0.66410,0.00000,0.66305,1,1,1,1,0,0.00000,0.00000,
0,NewMedia,100,0.66962,0.18779,0.66459,0.00000,0.66963,1,1,1,1,0,0.00000,0.00000,
0,NewMedia,101,0.67612,0.18803,0.66503,0.00000,0.67613,1,1,1,1,0,0.00000,0.00000,
0,NewMedia,102,0.68290,0.18823,0.66556,0.00000,0.68290,1,1,1,1,0,0.00000,0.00000,
0,NewMedia,103,0.68931,0.18848,0.66615,0.00000,0.68931,1,1,1,1,0,0.00000,0.00000,
0,NewMedia,104,0.69810,0.18866,0.66682,0.00000,0.69810,1,1,1,1,0,0.00000,0.00000,
0,NewMedia,105,0.70499,0.18865,0.66764,0.00000,0.70500,1,1,1,1,0,0.00000,0.00000,
0,NewMedia,106,0.70998,0.18860,0.66842,0.00000,0.70999,1,1,1,1,0,0.00000,0.00000,
0,NewMedia,107,0.71642,0.18891,0.66865,0.00000,0.71642,1,1,1,1,0,0.00000,0.00000,
0,NewMedia,108,0.72364,0.18919,0.66900,0.00000,0.72363,1,1,1,1,0,0.00000,0.00000,
0,NewMedia,109,0.73233,0.18949,0.66933,0.00000,0.73232,1,1,1,1,0,0.00000,0.00000,
0,NewMedia,110,0.73674,0.18966,0.66925,0.00000,0.73673,1,1,1,1,0,0.00000,0.00000,
0,NewMedia,111,0.74348,0.19002,0.66845,0.00000,0.74348,1,1,1,1,0,0.00000,0.00000,
0,NewMedia,112,0.75027,0.19029,0.66752,0.00000,0.75028,1,1,1,1,0,0.00000,0.00000,
0,NewMedia,113,0.75684,0.19015,0.66668,0.00000,0.75685,1,1,1,1,0,0.00000,0.00000,
0,NewMedia,114,0.76331,0.19013,0.66591,0.00000,0.76332,1,1,1,1,0,0.00000,0.00000,
0,NewMedia,115,0.77029,0.19005,0.66500,0.00000,0.77030,1,1,1,1,0,0.00000,0.00000,
0,NewMedia,116,0.77689,0.19006,0.66410,0.00000,0.77689,1,1,1,1,0,0.00000,0.00000,
0,NewMedia,117,0.78363,0.18986,0.66328,0.00000,0.78363,1,1,1,1,0,0.00000,0.00000,
0,NewMedia,118,0.79002,0.18962,0.66238,0.00000,0.79002,1,1,1,1,0,0.00000,0.00000,
0,NewMedia,119,0.79674,0.18930,0.66194,0.00000,0.79674,1,1,1,1,0,0.00000,0.00000,
0,NewMedia,120,0.80479,0.18931,0.66157,0.00000,0.80479,1,1,1,1,0,0.00000,0.00000,
0,NewMedia,121,0.81012,0.18938,0.66130,0.00000,0.81012,1,1,1,1,0,0.00000,0.00000,
0,NewMedia,122,0.81688,0.18931,0.66123,0.00000,0.81688,1,1,1,1,0,0.00000,0.00000,
0,NewMedia,123,0.82393,0.18913,0.66083,0.00000,0.82393,1,1,1,1,0,0.00000,0.00000,
0,NewMedia,124,0.83195,0.18895,0.66043,0.00000,0.83196,1,1,1,1,0,0.00000,0.00000,
0,NewMedia,125,0.83793,0.18852,0.65977,0.00000,0.83793,1,1,1,1,0,0.00000,0.00000,
0,NewMedia,126,0.84391,0.18823,0.65946,0.00000,0.84391,1,1,1,1,0,0.00000,0.00000,
0,NewMedia,127,0.85006,0.18789,0.65906,0.00000,0.85006,1,1,1,1,0,0.00000,0.00000,
0,NewMedia,128,0.85722,0.18755,0.65824,0.00000,0.85722,1,1,1,1,0,0.00000,0.00000,
0,NewMedia,129,0.86394,0.18717,0.65730,0.00000,0.86394,1,1,1,1,0,0.00000,0.00000,
0,NewMedia,130,0.87067,0.18680,0.65641,0.00000,0.87068,1,1,1,1,0,0.00000,0.00000,
0,NewMedia,131,0.87723,0.18656,0.65579,0.00000,0.87723,1,1,1,1,0,0.00000,0.00000,
0,NewMedia,132,0.88408,0.18655,0.65517,0.00000,0.88408,1,1,1,1,0,0.00000,0.00000,
0,NewMedia,133,0.89069,0.18664,0.65472,0.00000,0.89070,1,1,1,1,0,0.00000,0.00000,
0,NewMedia,134,0.89713,0.18674,0.65486,0.00000,0.89713,1,1,1,1,0,0.00000,0.00000,
0,NewMedia,135,0.90417,0.18686,0.65543,0.00000,0.90417,1,1,1,1,0,0.00000,0.00000,
0,NewMedia,136,0.91074,0.18697,0.65595,0.00000,0.91074,1,1,1,1,0,0.00000,0.00000,
0,NewMedia,137,0.91737,0.18708,0.65673,0.00000,0.91738,1,1,1,1,0,0.00000,0.00000,
0,NewMedia,138,0.92406,0.18689,0.65662,0.00000,0.92407,1,1,1,1,0,0.00000,0.00000,
0,NewMedia,139,0.93232,0.18667,0.65652,0.00000,0.93232,1,1,1,1,0,0.00000,0.00000,
0,NewMedia,140,0.93858,0.18678,0.65652,0.00000,0.93858,1,1,1,1,0,0.00000,0.00000,
0,NewMedia,141,0.94453,0.18670,0.65678,0.00000,0.94454,1,1,1,1,0,0.00000,0.00000,
0,NewMedia,142,0.95116,0.18673,0.65726,0.00000,0.95116,1,1,1,1,0,0.00000,0.00000,
0,NewMedia,143,0.95752,0.18687,0.65766,0.00000,0.95751,1,1,1,1,0,0.00000,0.00000,
0,NewMedia,144,0.96450,0.18713,0.65816,0.00000,0.96450,1,1,1,1,0,0.00000,0.00000,
0,NewMedia,145,0.97086,0.18740,0.65860,0.00000,0.97087,1,1,1,1,0,0.00000,0.00000,
0,NewMedia,146,0.97797,0.18757,0.65857,0.00000,0.97798,1,1,1,1,0,0.00000,0.00000,
0,NewMedia,147,0.98446,0.18752,0.65862,0.00000,0.98446,1,1,1,1,0,0.00000,0.00000,
0,NewMedia,148,0.99091,0.18734,0.65843,0.00000,0.99092,1,1,1,1,0,0.00000,0.00000,
0,NewMedia,149,0.99769,0.18732,0.65852,0.00000,0.99769,1,1,1,1,0,0.00000,0.00000,
0,NewMedia,150,1.00446,0.18712,0.65849,0.00000,1.00447,1,1,1,1,0,0.00000,0.00000,
0,NewMedia,151,1.01089,0.18694,0.65856,0.00000,1.01090,1,1,1,1,0,0.00000,0.00000,
0,NewMedia,152,1.01757,0.18688,0.65854,0.00000,1.01757,1,1,1,1,0,0.00000,0.00000,
0,NewMedia,153,1.02705,0.18717,0.65854,0.00000,1.02706,1,1,1,1,0,0.00000,0.00000,
0,NewMedia,154,1.03230,0.18749,0.65852,0.00000,1.03230,1,1,1,1,0,0.00000,0.00000,
0,NewMedia,155,1.03991,0.18716,0.65814,0.00000,1.03991,1,1,1,1,0,0.00000,0.00000,
0,NewMedia,156,1.04500,0.18676,0.65754,0.00000,1.04500,1,1,1,1,0,0.00000,0.00000,
0,NewMedia,157,1.05141,0.18630,0.65694,0.00000,1.05141,1,1,1,1,0,0.00000,0.00000,
0,NewMedia,158,1.05849,0.18595,0.65691,0.00000,1.05849,1,1,1,1,0,0.00000,0.00000,
0,NewMedia,159,1.06498,0.18591,0.65787,0.00000,1.06498,1,1,1,1,0,0.00000,0.00000,
0,NewMedia,160,1.07236,0.18604,0.65910,0.00000,1.07236,1,1,1,1,0,0.00000,0.00000,
0,NewMedia,161,1.07803,0.18622,0.65979,0.00000,1.07803,1,1,1,1,0,0.00000,0.00000,
0,NewMedia,162,1.08619,0.18656,0.66038,0.00000,1.08619,1,1,1,1,0,0.00000,0.00000,
0,NewMedia,163,1.09158,0.18687,0.66092,0.00000,1.09158,1,1,1,1,0,0.00000,0.00000,
0,NewMedia,164,1.09837,0.18671,0.66178,0.00000,1.09838,1,1,1,1,0,0.00000,0.00000,
0,NewMedia,165,1.10497,0.18669,0.66270,0.00000,1.10497,1,1,1,1,0,0.00000,0.00000,
0,NewMedia,166,1.11153,0.18666,0.66357,0.00000,1.11154,1,1,1,1,0,0.00000,0.00000,
0,NewMedia,167,1.11823,0.18674,0.66320,0.00000,1.11823,1,1,1,1,0,0.00000,0.00000,
0,NewMedia,168,1.12547,0.18648,0.66279,0.00000,1.12548,1,1,1,1,0,0.00000,0.00000,
0,NewMedia,169,1.13234,0.18613,0.66219,0.00000,1.13234,1,1,1,1,0,0.00000,0.00000,
0,NewMedia,170,1.13987,0.18619,0.66169,0.00000,1.13987,1,1,1,1,0,0.00000,0.00000,
0,NewMedia,171,1.14737,0.18621,0.66160,0.00000,1.14737,1,1,1,1,0,0.00000,0.00000,
0,NewMedia,172,1.15197,0.18629,0.66165,0.00000,1.15197,1,1,1,1,0,0.00000,0.00000,
0,NewMedia,173,1.15874,0.18657,0.66184,0.00000,1.15875,1,1,1,1,0,0.00000,0.00000,
0,NewMedia,174,1.16586,0.18666,0.66192,0.00000,1.16587,1,1,1,1,0,0.00000,0.00000,
0,NewMedia,175,1.17270,0.18678,0.66204,0.00000,1.17270,1,1,1,1,0,0.00000,0.00000,
0,NewMedia,176,1.17873,0.18706,0.66267,0.00000,1.17874,1,1,1,1,0,0.00000,0.00000,
0,NewMedia,177,1.18548,0.18702,0.66270,0.00000,1.18548,1,1,1,1,0,0.00000,0.00000,
0,NewMedia,178,1.19252,0.18699,0.66278,0.00000,1.19252,1,1,1,1,0,0.00000,0.00000,
0,NewMedia,179,1.19859,0.18722,0.66228,0.00000,1.19860,1,1,1,1,0,0.00000,0.00000,
0,NewMedia,180,1.20566,0.18739,0.66235,0.00000,1.20566,1,1,1,1,0,0.00000,0.00000,
0,NewMedia,181,1.21257,0.18763,0.66250,0.00000,1.21257,1,1,1,1,0,0.00000,0.00000,
0,NewMedia,182,1.21907,0.18779,0.66257,0.00000,1.21906,1,1,1,1,0,0.00000,0.00000,
0,NewMedia,183,1.22636,0.18780,0.66240,0.00000,1.22636,1,1,1,1,0,0.00000,0.00000,
0,NewMedia,184,1.23270,0.18766,0.66201,0.00000,1.23270,1,1,1,1,0,0.00000,0.00000,
0,NewMedia,185,1.23904,0.18748,0.66169,0.00000,1.23904,1,1,1,1,0,0.00000,0.00000,
0,NewMedia,186,1.24560,0.18731,0.66179,0.00000,1.24560,1,1,1,1,0,0.00000,0.00000,
0,NewMedia,187,1.25314,0.18713,0.66184,0.00000,1.25315,1,1,1,1,0,0.00000,0.00000,
0,NewMedia,188,1.25919,0.18691,0.66177,0.00000,1.25920,1,1,1,1,0,0.00000,0.00000,
0,NewMedia,189,1.26611,0.18753,0.66184,0.00000,1.26612,1,1,1,1,0,0.00000,0.00000,
0,NewMedia,190,1.27308,0.18809,0.66182,0.00000,1.27308,1,1,1,1,0,0.00000,0.00000,
0,NewMedia,191,1.27914,0.19048,0.66139,0.00000,1.27914,1,1,1,1,0,0.00000,0.00000,
0,NewMedia,192,1.28605,0.19336,0.66049,0.00000,1.28605,1,1,1,1,0,0.00000,0.00000,
0,NewMedia,193,1.29263,0.22463,0.65496,0.00000,1.28605,1,0,1,1,0,0.00000,0.00000,
0,NewMedia,194,1.29931,0.33577,0.63583,0.00000,1.28605,1,0,1,1,0,0.00000,0.00000,
0,NewMedia,195,1.30559,0.39670,0.61989,0.00000,1.28605,1,0,1,1,0,0.00000,0.00000,
0,NewMedia,196,1.31261,0.49479,0.59609,0.00000,1.28605,1,0,1,1,0,0.00000,0.00000,
0,NewMedia,197,1.31943,0.57229,0.59459,0.00000,1.28605,1,0,1,1,0,0.00000,0.00000,
0,NewMedia,198,1.32568,0.60569,0.59822,0.00000,1.28605,1,0,1,1,0,0.00000,0.00000,
0,NewMedia,199,1.33304,0.66295,0.60568,0.00000,1.28605,1,0,1,1,0,0.00000,0.00000,
0,NewMedia,200,1.33929,0.70692,0.62217,0.00000,1.28605,1,0,1,1,0,0.00000,0.00000,
0,NewMedia,201,1.34594,0.72655,0.63011,0.00000,1.28605,1,0,1,1,0,0.00000,0.00000,
0,NewMedia,202,1.35439,0.75957,0.64633,0.00000,1.28605,1,0,1,1,0,0.00000,0.00000,
0,NewMedia,203,1.36108,0.76327,0.64956,0.00000,1.28605,1,0,1,1,0,0.00000,0.00000,
0,NewMedia,204,1.36634,0.76160,0.64534,0.00000,1.28605,1,0,1,1,0,0.00000,0.00000,
0,NewMedia,205,1.37359,0.76201,0.64069,1.35439,0.01920,2,1,1,1,0,0.00000,0.00000,
0,NewMedia,206,1.37975,0.76454,0.63701,1.35439,0.02538,2,1,1,1,0,0.00000,0.00000,
0,NewMedia,207,1.38644,0.76565,0.63425,1.35439,0.03206,2,1,1,1,0,0.00000,0.00000,
0,NewMedia,208,1.39294,0.76609,0.63289,1.35439,0.03856,2,1,1,1,0,0.00000,0.00000,
0,NewMedia,209,1.39950,0.76558,0.63498,1.35439,0.04511,2,1,1,1,0,0.00000,0.00000,
0,NewMedia,210,1.40648,0.76527,0.63595,1.35439,0.05209,2,1,1,1,0,0.00000,0.00000,
0,NewMedia,211,1.41324,0.76522,0.63652,1.35439,0.05885,2,1,1,1,0,0.00000,0.00000,
0,NewMedia,212,1.41985,0.76521,0.63583,1.35439,0.06547,2,1,1,1,0,0.00000,0.00000,
0,NewMedia,213,1.42633,0.76603,0.63612,1.35439,0.07194,2,1,1,1,0,0.00000,0.00000,
0,NewMedia,214,1.43346,0.76692,0.63605,1.35439,0.07909,2,1,1,1,0,0.00000,0.00000,
0,NewMedia,215,1.43977,0.76818,0.63551,1.35439,0.08540,2,1,1,1,0,0.00000,0.00000,
0,NewMedia,216,1.44649,0.76917,0.63471,1.35439,0.09210,2,1,1,1,0,0.00000,0.00000,
0,NewMedia,217,1.45319,0.77017,0.63385,1.35439,0.09881,2,1,1,1,0,0.00000,0.00000,
0,NewMedia,218,1.45998,0.77006,0.63312,1.35439,0.10559,2,1,1,1,0,0.00000,0.00000,
0,NewMedia,219,1.46693,0.77184,0.63251,1.35439,0.11255,2,1,1,1,0,0.00000,0.00000,
0,NewMedia,220,1.47359,0.77361,0.63162,1.35439,0.11921,2,1,1,1,0,0.00000,0.00000,
0,NewMedia,221,1.47990,0.77453,0.63067,1.35439,0.12553,2,1,1,1,0,0.00000,0.00000,
0,NewMedia,222,1.48692,0.77562,0.62917,1.35439,0.13255,2,1,1,1,0,0.00000,0.00000,
0,NewMedia,223,1.49342,0.77637,0.62823,1.35439,0.13905,2,1,1,1,0,0.00000,0.00000,
0,NewMedia,224,1.50045,0.77640,0.62801,1.35439,0.14606,2,1,1,1,0,0.00000,0.00000,
0,NewMedia,225,1.50703,0.77659,0.62794,1.35439,0.15264,2,1,1,1,0,0.00000,0.00000,
0,NewMedia,226,1.51339,0.77666,0.62804,1.35439,0.15900,2,1,1,1,0,0.00000,0.00000,
0,NewMedia,227,1.51991,0.77651,0.62782,1.35439,0.16552,2,1,1,1,0,0.00000,0.00000,
0,NewMedia,228,1.52652,0.77646,0.62735,1.35439,0.17213,2,1,1,1,0,0.00000,0.00000,
0,NewMedia,229,1.53402,0.77651,0.62677,1.35439,0.17963,2,1,1,1,0,0.00000,0.00000,
0,NewMedia,230,1.54131,0.77657,0.62613,1.35439,0.18692,2,1,1,1,0,0.00000,0.00000,
0,NewMedia,231,1.54738,0.77632,0.62569,1.35439,0.19299,2,1,1,1,0,0.00000,0.00000,
0,NewMedia,232,1.55384,0.77617,0.62515,1.35439,0.19945,2,1,1,1,0,0.00000,0.00000,
0,NewMedia,233,1.56071,0.77616,0.62530,1.35439,0.20632,2,1,1,1,0,0.00000,0.00000,
0,NewMedia,234,1.56744,0.77648,0.62552,1.35439,0.21305,2,1,1,1,0,0.00000,0.00000,
0,NewMedia,235,1.57528,0.77670,0.62586,1.35439,0.22089,2,1,1,1,0,0.00000,0.00000,
0,NewMedia,236,1.58150,0.77650,0.62575,1.35439,0.22711,2,1,1,1,0,0.00000,0.00000,
0,NewMedia,237,1.58807,0.77670,0.62571,1.35439,0.23369,2,1,1,1,0,0.00000,0.00000,
0,NewMedia,238,1.59425,0.77682,0.62578,1.35439,0.23988,2,1,1,1,0,0.00000,0.00000,
0,NewMedia,239,1.60120,0.77658,0.62568,1.35439,0.24681,2,1,1,1,0,0.00000,0.00000,
0,NewMedia,240,1.60764,0.77666,0.62564,1.35439,0.25325,2,1,1,1,0,0.00000,0.00000,
0,NewMedia,241,1.61472,0.77669,0.62566,1.35439,0.26035,2,1,1,1,0,0.00000,0.00000,
0,NewMedia,242,1.62102,0.77632,0.62605,1.35439,0.26663,2,1,1,1,0,0.00000,0.00000,
0,NewMedia,243,1.62932,0.77584,0.62658,1.35439,0.27493,2,1,1,1,0,0.00000,0.00000,
0,NewMedia,244,1.63438,0.77543,0.62704,1.35439,0.27999,2,1,1,1,0,0.00000,0.00000,
0,NewMedia,245,1.64052,0.77574,0.62736,1.35439,0.28613,2,1,1,1,0,0.00000,0.00000,
0,NewMedia,246,1.64857,0.77578,0.62762,1.35439,0.29419,2,1,1,1,0,0.00000,0.00000,
0,NewMedia,247,1.65429,0.77587,0.62778,1.35439,0.29990,2,1,1,1,0,0.00000,0.00000,
0,NewMedia,248,1.66095,0.77577,0.62788,1.35439,0.30656,2,1,1,1,0,0.00000,0.00000,
0,NewMedia,249,1.66776,0.77587,0.62813,1.35439,0.31337,2,1,1,1,0,0.00000,0.00000,
0,NewMedia,250,1.67447,0.77631,0.62800,1.35439,0.32008,2,1,1,1,0,0.00000,0.00000,
0,NewMedia,251,1.68256,0.77689,0.62778,1.35439,0.32819,2,1,1,1,0,0.00000,0.00000,
0,NewMedia,252,1.68803,0.77756,0.62787,1.35439,0.33366,2,1,1,1,0,0.00000,0.00000,
0,NewMedia,253,1.69463,0.77813,0.62818,1.35439,0.34026,2,1,1,1,0,0.00000,0.00000,
0,NewMedia,254,1.70126,0.77800,0.62863,1.35439,0.34688,2,1,1,1,0,0.00000,0.00000,
0,NewMedia,255,1.70802,0.77801,0.62901,1.35439,0.35363,2,1,1,1,0,0.00000,0.00000,
0,NewMedia,256,1.71487,0.77807,0.62930,1.35439,0.36049,2,1,1,1,0,0.00000,0.00000,
0,NewMedia,257,1.72147,0.77817,0.62871,1.35439,0.36708,2,1,1,1,0,0.00000,0.00000,
0,NewMedia,258,1.73022,0.77849,0.62817,1.35439,0.37584,2,1,1,1,0,0.00000,0.00000,
0,NewMedia,259,1.73460,0.77883,0.62758,1.35439,0.38021,2,1,1,1,0,0.00000,0.00000,
0,NewMedia,260,1.74123,0.77946,0.62744,1.35439,0.38685,2,1,1,1,0,0.00000,0.00000,
0,NewMedia,261,1.74862,0.77992,0.62712,1.35439,0.39423,2,1,1,1,0,0.00000,0.00000,
0,NewMedia,262,1.75533,0.78024,0.62701,1.35439,0.40094,2,1,1,1,0,0.00000,0.00000,
0,NewMedia,263,1.76162,0.77999,0.62723,1.35439,0.40723,2,1,1,1,0,0.00000,0.00000,
0,NewMedia,264,1.76842,0.77952,0.62774,1.35439,0.41404,2,1,1,1,0,0.00000,0.00000,
0,NewMedia,265,1.77470,0.77894,0.62842,1.35439,0.42033,2,1,1,1,0,0.00000,0.00000,
0,NewMedia,266,1.78138,0.77891,0.62891,1.35439,0.42699,2,1,1,1,0,0.00000,0.00000,
0,NewMedia,267,1.79057,0.77810,0.62946,1.35439,0.43620,2,1,1,1,0,0.00000,0.00000,
0,NewMedia,268,1.79456,0.77733,0.62997,1.35439,0.44017,2,1,1,1,0,0.00000,0.00000,
0,NewMedia,269,1.80151,0.77708,0.63031,1.35439,0.44713,2,1,1,1,0,0.00000,0.00000,
0,NewMedia,270,1.80869,0.77688,0.63084,1.35439,0.45430,2,1,1,1,0,0.00000,0.00000,
0,NewMedia,271,1.81530,0.77679,0.63114,1.35439,0.46091,2,1,1,1,0,0.00000,0.00000,
0,NewMedia,272,1.82166,0.77694,0.63092,1.35439,0.46727,2,1,1,1,0,0.00000,0.00000,
0,NewMedia,273,1.82983,0.77688,0.63085,1.35439,0.47544,2,1,1,1,0,0.00000,0.00000,
0,NewMedia,274,1.83519,0.77681,0.63083,1.35439,0.48080,2,1,1,1,0,0.00000,0.00000,
0,NewMedia,275,1.84185,0.77665,0.63120,1.35439,0.48746,2,1,1,1,0,0.00000,0.00000,
0,NewMedia,276,1.84875,0.77654,0.63177,1.35439,0.49436,2,1,1,1,0,0.00000,0.00000,
0,NewMedia,277,1.85542,0.77643,0.63235,1.35439,0.50103,2,1,1,1,0,0.00000,0.00000,
0,NewMedia,278,1.86175,0.77675,0.63295,1.35439,0.50736,2,1,1,1,0,0.00000,0.00000,
0,NewMedia,279,1.86867,0.77717,0.63350,1.35439,0.51428,2,1,1,1,0,0.00000,0.00000,
0,NewMedia,280,1.87559,0.77754,0.63415,1.35439,0.52120,2,1,1,1,0,0.00000,0.00000,
0,NewMedia,281,1.88219,0.77733,0.63387,1.35439,0.52780,2,1,1,1,0,0.00000,0.00000,
0,NewMedia,282,1.88878,0.77690,0.63381,1.35439,0.53439,2,1,1,1,0,0.00000,0.00000,
0,NewMedia,283,1.89552,0.77653,0.63368,1.35439,0.54114,2,1,1,1,0,0.00000,0.00000,
0,NewMedia,284,1.90319,0.77683,0.63379,1.35439,0.54880,2,1,1,1,0,0.00000,0.00000,
0,NewMedia,285,1.90890,0.77703,0.63354,1.35439,0.55451,2,1,1,1,0,0.00000,0.00000,
0,NewMedia,286,1.91631,0.77724,0.63326,1.35439,0.56193,2,1,1,1,0,0.00000,0.00000,
0,NewMedia,287,1.92258,0.77767,0.63349,1.35439,0.56820,2,1,1,1,0,0.00000,0.00000,
0,NewMedia,288,1.92920,0.77717,0.63392,1.35439,0.57481,2,1,1,1,0,0.00000,0.00000,
0,NewMedia,289,1.93568,0.77676,0.63425,1.35439,0.58129,2,1,1,1,0,0.00000,0.00000,
0,NewMedia,290,1.94239,0.77702,0.63392,1.35439,0.58800,2,1,1,1,0,0.00000,0.00000,
0,NewMedia,291,1.94968,0.77777,0.63316,1.35439,0.59530,2,1,1,1,0,0.00000,0.00000,
0,NewMedia,292,1.95576,0.77854,0.63231,1.35439,0.60138,2,1,1,1,0,0.00000,0.00000,
0,NewMedia,293,1.96239,0.77861,0.63182,1.35439,0.60800,2,1,1,1,0,0.00000,0.00000,
0,NewMedia,294,1.96944,0.77866,0.63122,1.35439,0.61506,2,1,1,1,0,0.00000,0.00000,
0,NewMedia,295,1.97648,0.77853,0.63095,1.35439,0.62209,2,1,1,1,0,0.00000,0.00000,
0,NewMedia,296,1.98263,0.77833,0.63112,1.35439,0.62824,2,1,1,1,0,0.00000,0.00000,
0,NewMedia,297,1.98910,0.77810,0.63112,1.35439,0.63471,2,1,1,1,0,0.00000,0.00000,
0,NewMedia,298,1.99598,0.77797,0.63098,1.35439,0.64159,2,1,1,1,0,0.00000,0.00000,
0,NewMedia,299,2.00249,0.77789,0.63066,1.35439,0.64811,2,1,1,1,0,0.00000,0.00000,
0,NewMedia,300,2.01114,0.77820,0.63014,1.35439,0.65675,2,1,1,1,0,0.00000,0.00000,
0,NewMedia,301,2.01585,0.77853,0.62957,1.35439,0.66146,2,1,1,1,0,0.00000,0.00000,
0,NewMedia,302,2.02316,0.77872,0.62882,1.35439,0.66877,2,1,1,1,0,0.00000,0.00000,
0,NewMedia,303,2.02966,0.77858,0.62839,1.35439,0.67528,2,1,1,1,0,0.00000,0.00000,
0,NewMedia,304,2.03650,0.77843,0.62802,1.35439,0.68211,2,1,1,1,0,0.00000,0.00000,
0,NewMedia,305,2.04279,0.77885,0.62782,1.35439,0.68840,2,1,1,1,0,0.00000,0.00000,
0,NewMedia,306,2.05027,0.77931,0.62746,1.35439,0.69588,2,1,1,1,0,0.00000,0.00000,
0,NewMedia,307,2.05692,0.77975,0.62708,1.35439,0.70253,2,1,1,1,0,0.00000,0.00000,
0,NewMedia,308,2.06268,0.77944,0.62679,1.35439,0.70829,2,1,1,1,0,0.00000,0.00000,
0,NewMedia,309,2.06958,0.77897,0.62662,1.35439,0.71519,2,1,1,1,0,0.00000,0.00000,
0,NewMedia,310,2.07648,0.77848,0.62656,1.35439,0.72209,2,1,1,1,0,0.00000,0.00000,
0,NewMedia,311,2.08300,0.77835,0.62635,1.35439,0.72861,2,1,1,1,0,0.00000,0.00000,
0,NewMedia,312,2.08936,0.77856,0.62619,1.35439,0.73497,2,1,1,1,0,0.00000,0.00000,
0,NewMedia,313,2.09615,0.77889,0.62582,1.35439,0.74178,2,1,1,1,0,0.00000,0.00000,
0,NewMedia,314,2.10267,0.77934,0.62532,1.35439,0.74828,2,1,1,1,0,0.00000,0.00000,
0,NewMedia,315,2.10984,0.77983,0.62475,1.35439,0.75546,2,1,1,1,0,0.00000,0.00000,
0,NewMedia,316,2.11781,0.78026,0.62427,1.35439,0.76344,2,1,1,1,0,0.00000,0.00000,
0,NewMedia,317,2.12508,0.78022,0.62405,1.35439,0.77071,2,1,1,1,0,0.00000,0.00000,
0,NewMedia,318,2.13026,0.77988,0.62406,1.35439,0.77588,2,1,1,1,0,0.00000,0.00000,
0,NewMedia,319,2.13665,0.77948,0.62419,1.35439,0.78226,2,1,1,1,0,0.00000,0.00000,
0,NewMedia,320,2.14342,0.77938,0.62469,1.35439,0.78903,2,1,1,1,0,0.00000,0.00000,
0,NewMedia,321,2.15141,0.77945,0.62517,1.35439,0.79702,2,1,1,1,0,0.00000,0.00000,
0,NewMedia,322,2.15760,0.77954,0.62556,1.35439,0.80321,2,1,1,1,0,0.00000,0.00000,
0,NewMedia,323,2.16318,0.77980,0.62541,1.35439,0.80879,2,1,1,1,0,0.00000,0.00000,
0,NewMedia,324,2.17038,0.78001,0.62532,1.35439,0.81599,2,1,1,1,0,0.00000,0.00000,
0,NewMedia,325,2.17693,0.78020,0.62528,1.35439,0.82255,2,1,1,1,0,0.00000,0.00000,
0,NewMedia,326,2.18345,0.77999,0.62520,1.35439,0.82906,2,1,1,1,0,0.00000,0.00000,
0,NewMedia,327,2.19035,0.77998,0.62513,1.35439,0.83597,2,1,1,1,0,0.00000,0.00000,
0,NewMedia,328,2.19642,0.77997,0.62506,1.35439,0.84203,2,1,1,1,0,0.00000,0.00000,
0,NewMedia,329,2.20367,0.78012,0.62527,1.35439,0.84928,2,1,1,1,0,0.00000,0.00000,
0,NewMedia,330,2.21043,0.78031,0.62498,1.35439,0.85606,2,1,1,1,0,0.00000,0.00000,
0,NewMedia,331,2.21695,0.78047,0.62474,1.35439,0.86256,2,1,1,1,0,0.00000,0.00000,
0,NewMedia,332,2.22392,0.78041,0.62463,1.35439,0.86953,2,1,1,1,0,0.00000,0.00000,
0,NewMedia,333,2.23101,0.77998,0.62519,1.35439,0.87662,2,1,1,1,0,0.00000,0.00000,
0,NewMedia,334,2.23690,0.77963,0.62567,1.35439,0.88251,2,1,1,1,0,0.00000,0.00000,
0,NewMedia,335,2.24427,0.77933,0.62565,1.35439,0.88988,2,1,1,1,0,0.00000,0.00000,
0,NewMedia,336,2.25114,0.77989,0.62534,1.35439,0.89676,2,1,1,1,0,0.00000,0.00000,
0,NewMedia,337,2.25780,0.78046,0.62498,1.35439,0.90342,2,1,1,1,0,0.00000,0.00000,
0,NewMedia,338,2.26376,0.78079,0.62504,1.35439,0.90938,2,1,1,1,0,0.00000,0.00000,
0,NewMedia,339,2.27071,0.78092,0.62543,1.35439,0.91634,2,1,1,1,0,0.00000,0.00000,
0,NewMedia,340,2.27743,0.78094,0.62604,1.35439,0.92304,2,1,1,1,0,0.00000,0.00000,
0,NewMedia,341,2.28381,0.78067,0.62622,1.35439,0.92942,2,1,1,1,0,0.00000,0.00000,
0,NewMedia,342,2.29027,0.78107,0.62554,1.35439,0.93588,2,1,1,1,0,0.00000,0.00000,
0,NewMedia,343,2.29747,0.78155,0.62467,1.35439,0.94308,2,1,1,1,0,0.00000,0.00000,
0,NewMedia,344,2.30394,0.78263,0.61979,1.35439,0.94955,2,1,1,1,0,1132.25195,2.22488,
0,NewMedia,345,2.31086,0.79232,0.57944,1.35439,0.94955,2,0,1,1,0,0.00000,0.00000,
0,NewMedia,346,2.31743,0.80395,0.46494,1.35439,0.94955,2,0,1,1,0,0.00000,0.00000,
0,NewMedia,347,2.32415,0.80578,0.38036,1.35439,0.94955,2,0,1,1,0,0.00000,0.00000,
0,NewMedia,348,2.33099,0.81178,0.25088,1.35439,0.94955,2,0,1,1,0,0.00000,0.00000,
0,NewMedia,349,2.33936,0.80984,0.22478,1.35439,0.94955,2,0,1,1,0,0.00000,0.00000,
0,NewMedia,350,2.34547,0.81665,0.18622,1.35439,0.94955,2,0,1,1,0,0.00000,0.00000,
0,NewMedia,351,2.35495,0.81620,0.13186,1.35439,0.94955,2,0,1,1,0,0.00000,0.00000,
0,NewMedia,352,2.36126,0.81331,0.10982,1.35439,0.94955,2,0,1,1,0,0.00000,0.00000,
0,NewMedia,353,2.36750,0.80137,0.10055,1.35439,0.94955,2,0,1,1,0,0.00000,0.00000,
0,NewMedia,354,2.37474,0.79724,0.08842,2.35495,0.01979,3,1,1,1,0,0.00000,0.00000,
0,NewMedia,355,2.38187,0.79550,0.07851,2.35495,0.02692,3,1,1,1,0,0.00000,0.00000,
0,NewMedia,356,2.38773,0.79546,0.06478,2.35495,0.03279,3,1,1,1,0,0.00000,0.00000,
0,NewMedia,357,2.39463,0.79767,0.04861,2.35495,0.03968,3,1,1,1,0,0.00000,0.00000,
0,NewMedia,358,2.40099,0.79940,0.03586,2.35495,0.04605,3,1,1,1,0,0.00000,0.00000,
0,NewMedia,359,2.40781,0.79768,0.02888,2.35495,0.05287,3,1,1,1,0,0.00000,0.00000,
0,NewMedia,360,2.41472,0.79568,0.02602,2.35495,0.05978,3,1,1,1,0,0.00000,0.00000,
0,NewMedia,361,2.42128,0.79366,0.02538,2.35495,0.06634,3,1,1,1,0,0.00000,0.00000,
0,NewMedia,362,2.42770,0.79207,0.02589,2.35495,0.07275,3,1,1,1,0,0.00000,0.00000,
0,NewMedia,363,2.43433,0.79123,0.02581,2.35495,0.07939,3,1,1,1,0,0.00000,0.00000,
0,NewMedia,364,2.44101,0.79051,0.02575,2.35495,0.08607,3,1,1,1,0,0.00000,0.00000,
0,NewMedia,365,2.45221,0.78934,0.02506,2.35495,0.09727,3,1,1,1,0,0.00000,0.00000,
0,NewMedia,366,2.45921,0.78882,0.02401,2.35495,0.10426,3,1,1,1,0,0.00000,0.00000,
0,NewMedia,367,2.46236,0.78836,0.02309,2.35495,0.10741,3,1,1,1,0,0.00000,0.00000,
0,NewMedia,368,2.46490,0.78774,0.02230,2.35495,0.10995,3,1,1,1,0,0.00000,0.00000,
0,NewMedia,369,2.47173,0.78785,0.02278,2.35495,0.11680,3,1,1,1,0,0.00000,0.00000,
0,NewMedia,370,2.47855,0.78795,0.02320,2.35495,0.12362,3,1,1,1,0,0.00000,0.00000,
0,NewMedia,371,2.48508,0.78787,0.02284,2.35495,0.13014,3,1,1,1,0,0.00000,0.00000,
0,NewMedia,372,2.49155,0.78736,0.02323,2.35495,0.13661,3,1,1,1,0,0.00000,0.00000,
0,NewMedia,373,2.49855,0.78689,0.02360,2.35495,0.14360,3,1,1,1,0,0.00000,0.00000,
0,NewMedia,374,2.50483,0.78634,0.02362,2.35495,0.14989,3,1,1,1,0,0.00000,0.00000,
0,NewMedia,375,2.51151,0.78626,0.02314,2.35495,0.15656,3,1,1,1,0,0.00000,0.00000,
0,NewMedia,376,2.51849,0.78632,0.02218,2.35495,0.16356,3,1,1,1,0,0.00000,0.00000,
0,NewMedia,377,2.52493,0.78660,0.02109,2.35495,0.16998,3,1,1,1,0,0.00000,0.00000,
0,NewMedia,378,2.53191,0.78655,0.01975,2.35495,0.17696,3,1,1,1,0,0.00000,0.00000,
0,NewMedia,379,2.53854,0.78652,0.01832,2.35495,0.18360,3,1,1,1,0,0.00000,0.00000,
0,NewMedia,380,2.54603,0.78647,0.01676,2.35495,0.19109,3,1,1,1,0,0.00000,0.00000,
0,NewMedia,381,2.55222,0.78660,0.01613,2.35495,0.19728,3,1,1,1,0,0.00000,0.00000,
0,NewMedia,382,2.55846,0.78658,0.01612,2.35495,0.20353,3,1,1,1,0,0.00000,0.00000,
0,NewMedia,383,2.56516,0.78654,0.01688,2.35495,0.21021,3,1,1,1,0,0.00000,0.00000,
0,NewMedia,384,2.57230,0.78622,0.01737,2.35495,0.21735,3,1,1,1,0,0.00000,0.00000,
0,NewMedia,385,2.57854,0.78592,0.01783,2.35495,0.22359,3,1,1,1,0,0.00000,0.00000,
0,NewMedia,386,2.58590,0.78559,0.01809,2.35495,0.23096,3,1,1,1,0,0.00000,0.00000,
0,NewMedia,387,2.59241,0.78550,0.01870,2.35495,0.23746,3,1,1,1,0,0.00000,0.00000,
0,NewMedia,388,2.59907,0.78542,0.01927,2.35495,0.24413,3,1,1,1,0,0.00000,0.00000,
0,NewMedia,389,2.60551,0.78514,0.01938,2.35495,0.25056,3,1,1,1,0,0.00000,0.00000,
0,NewMedia,390,2.61211,0.78528,0.01940,2.35495,0.25716,3,1,1,1,0,0.00000,0.00000,
0,NewMedia,391,2.61880,0.78541,0.01941,2.35495,0.26385,3,1,1,1,0,0.00000,0.00000,
0,NewMedia,392,2.62542,0.78519,0.01988,2.35495,0.27048,3,1,1,1,0,0.00000,0.00000,
0,NewMedia,393,2.63248,0.78536,0.02024,2.35495,0.27754,3,1,1,1,0,0.00000,0.00000,
0,NewMedia,394,2.63931,0.78552,0.02059,2.35495,0.28436,3,1,1,1,0,0.00000,0.00000,
0,NewMedia,395,2.64677,0.78528,0.02100,2.35495,0.29182,3,1,1,1,0,0.00000,0.00000,
0,NewMedia,396,2.65247,0.78522,0.02147,2.35495,0.29753,3,1,1,1,0,0.00000,0.00000,
0,NewMedia,397,2.65908,0.78517,0.02191,2.35495,0.30414,3,1,1,1,0,0.00000,0.00000,
0,NewMedia,398,2.66736,0.78490,0.02213,2.35495,0.31242,3,1,1,1,0,0.00000,0.00000,
0,NewMedia,399,2.67384,0.78409,0.02003,2.35495,0.31891,3,1,1,1,0,0.00000,0.00000,
0,NewMedia,400,2.67921,0.78339,0.01884,2.35495,0.32427,3,1,1,1,0,0.00000,0.00000,
0,NewMedia,401,2.68564,0.78322,0.01767,2.35495,0.33070,3,1,1,1,0,0.00000,0.00000,
0,NewMedia,402,2.69321,0.78315,0.01722,2.35495,0.33826,3,1,1,1,0,0.00000,0.00000,
0,NewMedia,403,2.69915,0.78300,0.01704,2.35495,0.34421,3,1,1,1,0,0.00000,0.00000,
0,NewMedia,404,2.70605,0.78265,0.01792,2.35495,0.35110,3,1,1,1,0,0.00000,0.00000,
0,NewMedia,405,2.71280,0.78196,0.01906,2.35495,0.35786,3,1,1,1,0,0.00000,0.00000,
0,NewMedia,406,2.71938,0.78126,0.02031,2.35495,0.36443,3,1,1,1,0,0.00000,0.00000,
0,NewMedia,407,2.72586,0.78118,0.02131,2.35495,0.37092,3,1,1,1,0,0.00000,0.00000,
0,NewMedia,408,2.73295,0.78126,0.02188,2.35495,0.37801,3,1,1,1,0,0.00000,0.00000,
0,NewMedia,409,2.73957,0.78143,0.02205,2.35495,0.38463,3,1,1,1,0,0.00000,0.00000,
0,NewMedia,410,2.74773,0.78151,0.02237,2.35495,0.39280,3,1,1,1,0,0.00000,0.00000,
0,NewMedia,411,2.75301,0.78139,0.02351,2.35495,0.39806,3,1,1,1,0,0.00000,0.00000,
0,NewMedia,412,2.75960,0.78135,0.02438,2.35495,0.40466,3,1,1,1,0,0.00000,0.00000,
0,NewMedia,413,2.76613,0.78144,0.02642,2.35495,0.41119,3,1,1,1,0,0.00000,0.00000,
0,NewMedia,414,2.77505,0.78150,0.02780,2.35495,0.42010,3,1,1,1,0,0.00000,0.00000,
0,NewMedia,415,2.77996,0.78164,0.02883,2.35495,0.42502,3,1,1,1,0,0.00000,0.00000,
0,NewMedia,416,2.78728,0.78185,0.02994,2.35495,0.43234,3,1,1,1,0,0.00000,0.00000,
0,NewMedia,417,2.79327,0.78188,0.03076,2.35495,0.43834,3,1,1,1,0,636.15399,90.12971,
0,NewMedia,418,2.79982,0.78259,0.06081,2.35495,0.43834,3,0,1,1,0,0.00000,0.00000,
0,NewMedia,419,2.80650,0.78436,0.08726,2.35495,0.43834,3,0,1,1,0,0.00000,0.00000,
0,NewMedia,420,2.81338,0.77560,0.10159,2.35495,0.43834,3,0,1,1,0,0.00000,0.00000,
0,NewMedia,421,2.81985,0.77020,0.11291,2.79982,0.02003,4,1,1,1,0,0.00000,0.00000,
0,NewMedia,422,2.82632,0.77347,0.11983,2.79982,0.02650,4,1,1,1,0,0.00000,0.00000,
0,NewMedia,423,2.83304,0.77048,0.12213,2.79982,0.03323,4,1,1,1,0,0.00000,0.00000,
0,NewMedia,424,2.84010,0.76835,0.12377,2.79982,0.04030,4,1,1,1,0,0.00000,0.00000,
0,NewMedia,425,2.84826,0.76904,0.12622,2.79982,0.04845,4,1,1,1,0,0.00000,0.00000,
0,NewMedia,426,2.85381,0.76796,0.12835,2.79982,0.05400,4,1,1,1,0,0.00000,0.00000,
0,NewMedia,427,2.85998,0.76709,0.13006,2.79982,0.06017,4,1,1,1,0,0.00000,0.00000,
0,NewMedia,428,2.86673,0.76555,0.13239,2.79982,0.06692,4,1,1,1,0,0.00000,0.00000,
0,NewMedia,429,2.87323,0.76584,0.13431,2.79982,0.07341,4,1,1,1,0,0.00000,0.00000,
0,NewMedia,430,2.88046,0.76608,0.13593,2.79982,0.08064,4,1,1,1,0,0.00000,0.00000,
0,NewMedia,431,2.88670,0.76545,0.13804,2.79982,0.08689,4,1,1,1,0,0.00000,0.00000,
0,NewMedia,432,2.89362,0.76600,0.13992,2.79982,0.09382,4,1,1,1,0,0.00000,0.00000,
0,NewMedia,433,2.89995,0.76672,0.14082,2.79982,0.10014,4,1,1,1,0,0.00000,0.00000,
0,NewMedia,434,2.90703,0.76687,0.13986,2.79982,0.10722,4,1,1,1,0,0.00000,0.00000,
0,NewMedia,435,2.91354,0.76800,0.13753,2.79982,0.11374,4,1,1,1,0,0.00000,0.00000,
0,NewMedia,436,2.92030,0.76923,0.13457,2.79982,0.12050,4,1,1,1,0,0.00000,0.00000,
0,NewMedia,437,2.92679,0.76987,0.13199,2.79982,0.12698,4,1,1,1,0,0.00000,0.00000,
0,NewMedia,438,2.93362,0.77107,0.12959,2.79982,0.13381,4,1,1,1,0,0.00000,0.00000,
0,NewMedia,439,2.94022,0.77216,0.12740,2.79982,0.14041,4,1,1,1,0,0.00000,0.00000,
0,NewMedia,440,2.94865,0.77262,0.12500,2.79982,0.14885,4,1,1,1,0,0.00000,0.00000,
0,NewMedia,441,2.95369,0.77361,0.12315,2.79982,0.15388,4,1,1,1,0,0.00000,0.00000,
0,NewMedia,442,2.96048,0.77452,0.12146,2.79982,0.16066,4,1,1,1,0,0.00000,0.00000,
0,NewMedia,443,2.96744,0.77489,0.11945,2.79982,0.16763,4,1,1,1,0,96.72085,262.02402,
0,NewMedia,444,2.97401,0.78785,0.08970,2.79982,0.16763,4,0,1,1,0,0.00000,0.00000,
0,NewMedia,445,2.98083,0.79248,0.07968,2.79982,0.16763,4,0,1,1,0,0.00000,0.00000,
0,NewMedia,446,2.98724,0.78916,0.07564,2.79982,0.16763,4,0,1,1,0,0.00000,0.00000,
0,NewMedia,447,2.99586,0.79206,0.07264,2.97401,0.02185,5,1,1,1,0,0.00000,0.00000,
0,NewMedia,448,3.00124,0.79380,0.07084,2.97401,0.02724,5,1,1,1,0,0.00000,0.00000,
0,NewMedia,449,3.00844,0.79244,0.06823,2.97401,0.03443,5,1,1,1,0,0.00000,0.00000,
0,NewMedia,450,3.01430,0.79400,0.06857,2.97401,0.04029,5,1,1,1,0,0.00000,0.00000,
0,NewMedia,451,3.02097,0.79517,0.06882,2.97401,0.04696,5,1,1,1,0,0.00000,0.00000,
0,NewMedia,452,3.02750,0.79458,0.06930,2.97401,0.05350,5,1,1,1,0,0.00000,0.00000,
0,NewMedia,453,3.03402,0.79472,0.06980,2.97401,0.06001,5,1,1,1,0,0.00000,0.00000,
0,NewMedia,454,3.04052,0.79450,0.07130,2.97401,0.06651,5,1,1,1,0,0.00000,0.00000,
0,NewMedia,455,3.04918,0.79401,0.07425,2.97401,0.07517,5,1,1,1,0,0.00000,0.00000,
0,NewMedia,456,3.05456,0.79268,0.07724,2.97401,0.08055,5,1,1,1,0,0.00000,0.00000,
0,NewMedia,457,3.06093,0.79124,0.08101,2.97401,0.08692,5,1,1,1,0,0.00000,0.00000,
0,NewMedia,458,3.06805,0.79065,0.08592,2.97401,0.09405,5,1,1,1,0,0.00000,0.00000,
0,NewMedia,459,3.07428,0.78868,0.09095,2.97401,0.10027,5,1,1,1,0,0.00000,0.00000,
0,NewMedia,460,3.08125,0.78694,0.09539,2.97401,0.10725,5,1,1,1,0,0.00000,0.00000,
0,NewMedia,461,3.08733,0.78590,0.09915,2.97401,0.11332,5,1,1,1,0,0.00000,0.00000,
0,NewMedia,462,3.09470,0.78478,0.10195,2.97401,0.12070,5,1,1,1,0,0.00000,0.00000,
0,NewMedia,463,3.10148,0.78377,0.10448,2.97401,0.12747,5,1,1,1,0,23.49644,43.47886,
0,NewMedia,464,3.10759,0.77442,0.13429,2.97401,0.12747,5,0,1,1,0,0.00000,0.00000,
0,NewMedia,465,3.11446,0.76985,0.13577,2.97401,0.12747,5,0,1,1,0,0.00000,0.00000,
0,NewMedia,466,3.12154,0.76832,0.13626,2.97401,0.12747,5,0,1,1,0,0.00000,0.00000,
0,NewMedia,467,3.12804,0.76925,0.14441,3.10759,0.02047,6,1,1,1,0,0.00000,0.00000,
0,NewMedia,468,3.13454,0.76877,0.14609,3.10759,0.02695,6,1,1,1,0,0.00000,0.00000,
0,NewMedia,469,3.14140,0.76845,0.14721,3.10759,0.03382,6,1,1,1,0,0.00000,0.00000,
0,NewMedia,470,3.15036,0.77057,0.14706,3.10759,0.04278,6,1,1,1,0,0.00000,0.00000,
0,NewMedia,471,3.15500,0.76999,0.14628,3.10759,0.04742,6,1,1,1,0,0.00000,0.00000,
0,NewMedia,472,3.16159,0.76954,0.14567,3.10759,0.05400,6,1,1,1,0,0.00000,0.00000,
0,NewMedia,473,3.16823,0.77071,0.14450,3.10759,0.06065,6,1,1,1,0,0.00000,0.00000,
0,NewMedia,474,3.17473,0.77005,0.14356,3.10759,0.06715,6,1,1,1,0,0.00000,0.00000,
0,NewMedia,475,3.18164,0.76950,0.14277,3.10759,0.07406,6,1,1,1,0,0.00000,0.00000,
0,NewMedia,476,3.18837,0.76959,0.14326,3.10759,0.08079,6,1,1,1,0,0.00000,0.00000,
0,NewMedia,477,3.19514,0.76891,0.14228,3.10759,0.08755,6,1,1,1,0,0.00000,0.00000,
0,NewMedia,478,3.20184,0.76833,0.14144,3.10759,0.09427,6,1,1,1,0,0.00000,0.00000,
0,NewMedia,479,3.20860,0.76968,0.14200,3.10759,0.10101,6,1,1,1,0,0.00000,0.00000,
0,NewMedia,480,3.21484,0.76964,0.14245,3.10759,0.10727,6,1,1,1,0,0.00000,0.00000,
0,NewMedia,481,3.22160,0.76961,0.14286,3.10759,0.11402,6,1,1,1,0,0.00000,0.00000,
0,NewMedia,482,3.22850,0.77014,0.14318,3.10759,0.12092,6,1,1,1,0,0.00000,0.00000,
0,NewMedia,483,3.23571,0.77001,0.14350,3.10759,0.12813,6,1,1,1,0,0.00000,0.00000,
0,NewMedia,484,3.24192,0.76990,0.14380,3.10759,0.13434,6,1,1,1,0,0.00000,0.00000,
0,NewMedia,485,3.25027,0.76977,0.14369,3.10759,0.14269,6,1,1,1,0,0.00000,0.00000,
0,NewMedia,486,3.25552,0.77013,0.14360,3.10759,0.14795,6,1,1,1,0,0.00000,0.00000,
0,NewMedia,487,3.26186,0.77061,0.14301,3.10759,0.15427,6,1,1,1,0,0.00000,0.00000,
0,NewMedia,488,3.26826,0.77112,0.14197,3.10759,0.16068,6,1,1,1,0,0.00000,0.00000,
0,NewMedia,489,3.27575,0.77181,0.14053,3.10759,0.16817,6,1,1,1,0,0.00000,0.00000,
0,NewMedia,490,3.28174,0.77248,0.13904,3.10759,0.17416,6,1,1,1,0,0.00000,0.00000,
0,NewMedia,491,3.28895,0.77331,0.13801,3.10759,0.18137,6,1,1,1,0,0.00000,0.00000,
0,NewMedia,492,3.29559,0.77347,0.13771,3.10759,0.18801,6,1,1,1,0,0.00000,0.00000,
0,NewMedia,493,3.30201,0.77347,0.13797,3.10759,0.19442,6,1,1,1,0,0.00000,0.00000,
0,NewMedia,494,3.30875,0.77339,0.13839,3.10759,0.20116,6,1,1,1,0,0.00000,0.00000,
0,NewMedia,495,3.31557,0.77352,0.13892,3.10759,0.20799,6,1,1,1,0,0.00000,0.00000,
0,NewMedia,496,3.32342,0.77377,0.13905,3.10759,0.21584,6,1,1,1,0,0.00000,0.00000,
0,NewMedia,497,3.32879,0.77426,0.13864,3.10759,0.22121,6,1,1,1,0,0.00000,0.00000,
0,NewMedia,498,3.33598,0.77465,0.13785,3.10759,0.22839,6,1,1,1,0,0.00000,0.00000,
0,NewMedia,499,3.34254,0.77505,0.13699,3.10759,0.23495,6,1,1,1,0,0.00000,0.00000,
0,NewMedia,500,3.34913,0.77528,0.13642,3.10759,0.24155,6,1,1,1,0,0.00000,0.00000,
0,NewMedia,501,3.35615,0.77549,0.13640,3.10759,0.24857,6,1,1,1,0,0.00000,0.00000,
0,NewMedia,502,3.36304,0.77566,0.13651,3.10759,0.25546,6,1,1,1,0,0.00000,0.00000,
0,NewMedia,503,3.36985,0.77612,0.13632,3.10759,0.26227,6,1,1,1,0,0.00000,0.00000,
0,NewMedia,504,3.37588,0.77623,0.13574,3.10759,0.26830,6,1,1,1,0,0.00000,0.00000,
0,NewMedia,505,3.38240,0.77636,0.13508,3.10759,0.27481,6,1,1,1,0,0.00000,0.00000,
0,NewMedia,506,3.38913,0.77639,0.13457,3.10759,0.28154,6,1,1,1,0,0.00000,0.00000,
0,NewMedia,507,3.39640,0.77646,0.13457,3.10759,0.28882,6,1,1,1,0,0.00000,0.00000,
0,NewMedia,508,3.40272,0.77643,0.13494,3.10759,0.29514,6,1,1,1,0,0.00000,0.00000,
0,NewMedia,509,3.40903,0.77653,0.13526,3.10759,0.30145,6,1,1,1,0,0.00000,0.00000,
0,NewMedia,510,3.41597,0.77651,0.13547,3.10759,0.30839,6,1,1,1,0,0.00000,0.00000,
0,NewMedia,511,3.42276,0.77656,0.13541,3.10759,0.31517,6,1,1,1,0,0.00000,0.00000,
0,NewMedia,512,3.42953,0.77701,0.13511,3.10759,0.32195,6,1,1,1,0,0.00000,0.00000,
0,NewMedia,513,3.43763,0.77758,0.13443,3.10759,0.33005,6,1,1,1,0,0.00000,0.00000,
0,NewMedia,514,3.44276,0.77817,0.13366,3.10759,0.33518,6,1,1,1,0,0.00000,0.00000,
0,NewMedia,515,3.44952,0.77814,0.13240,3.10759,0.34194,6,1,1,1,0,0.00000,0.00000,
0,NewMedia,516,3.45637,0.77817,0.13165,3.10759,0.34879,6,1,1,1,0,0.00000,0.00000,
0,NewMedia,517,3.46273,0.77811,0.13125,3.10759,0.35514,6,1,1,1,0,0.00000,0.00000,
0,NewMedia,518,3.46928,0.77784,0.13104,3.10759,0.36171,6,1,1,1,0,0.00000,0.00000,
0,NewMedia,519,3.47625,0.77802,0.13096,3.10759,0.36867,6,1,1,1,0,0.00000,0.00000,
0,NewMedia,520,3.48286,0.77820,0.13088,3.10759,0.37528,6,1,1,1,0,0.00000,0.00000,
0,NewMedia,521,3.48985,0.77806,0.13095,3.10759,0.38226,6,1,1,1,0,0.00000,0.00000,
0,NewMedia,522,3.49630,0.77831,0.13099,3.10759,0.38872,6,1,1,1,0,0.00000,0.00000,
0,NewMedia,523,3.50322,0.77863,0.13077,3.10759,0.39563,6,1,1,1,0,30.05942,250.83359,